[
  {
    "value": "details",
    "synonyms": [
      "details",
      "tell me about yourself"
    ]
  },
  {
    "value": "coverage",
    "synonyms": [
      "coverage"
    ]
  },
  {
    "value": "sub limit",
    "synonyms": [
      "sub limit",
      "tell me about the limits of treatment"
    ]
  },
  {
    "value": "renewal benefits",
    "synonyms": [
      "renewal benefits",
      "benefits"
    ]
  },
  {
    "value": "tax benefits",
    "synonyms": [
      "tax benefits",
      "benefits"
    ]
  },
  {
    "value": "documents required",
    "synonyms": [
      "documents required",
      "required documents"
    ]
  },
  {
    "value": "insured sum",
    "synonyms": [
      "insured sum"
    ]
  },
  {
    "value": "insurance renewal",
    "synonyms": [
      "insurance renewal"
    ]
  },
  {
    "value": "time period",
    "synonyms": [
      "time period",
      "insurance time period"
    ]
  },
  {
    "value": "documents required health",
    "synonyms": [
      "documents required health",
      "health insurance docs"
    ]
  },
  {
    "value": "sublimit health",
    "synonyms": [
      "sublimit health"
    ]
  }
]