[
  {
    "value": "details",
    "synonyms": [
      "details"
    ]
  },
  {
    "value": "coverage",
    "synonyms": [
      "coverage"
    ]
  },
  {
    "value": "sub limit",
    "synonyms": [
      "sub limit"
    ]
  },
  {
    "value": "renewal benefits",
    "synonyms": [
      "renewal benefits"
    ]
  },
  {
    "value": "tax benefits",
    "synonyms": [
      "tax benefits"
    ]
  },
  {
    "value": "documents required to claim",
    "synonyms": [
      "documents required to claim"
    ]
  },
  {
    "value": "insured sum",
    "synonyms": [
      "insured sum"
    ]
  },
  {
    "value": "insurance renewal",
    "synonyms": [
      "insurance renewal"
    ]
  }
]