[
  {
    "id": "23ca315f-dab7-4b15-a358-5fa66c4e486b",
    "data": [
      {
        "text": "abc ",
        "userDefined": false
      },
      {
        "text": "health insurance docs",
        "alias": "health",
        "meta": "@health",
        "userDefined": false
      }
    ],
    "isTemplate": false,
    "count": 0,
    "updated": 0
  },
  {
    "id": "8eaa4449-32bf-48cb-ac0a-c08e6206687c",
    "data": [
      {
        "text": "documents required health",
        "alias": "health",
        "meta": "@health",
        "userDefined": false
      }
    ],
    "isTemplate": false,
    "count": 0,
    "updated": 0
  }
]